{"loss": [680546.6875, 605219.6875, 536110.5625, 429906.9375, 341232.75, 309845.78125, 267434.625, 233567.71875, 200550.3125, 146786.3125, 139929.375, 93332.8984375, 127330.6484375, 92607.0234375, 100011.953125, 74081.609375, 103492.5546875, 80604.7890625, 95909.9140625, 99262.0234375], "accuracy": [0.2592253743296042, 0.2958841944329847, 0.34788992161525956, 0.394702356395758, 0.4617395102773801, 0.5173756885965977, 0.5666998325527216, 0.6131919334093722, 0.6425049142136044, 0.6934549955104715, 0.7269420244133278, 0.7494018006649356, 0.7768146188754338, 0.8000072803164511, 0.8181158541024584, 0.8341907928264615, 0.8436260829470721, 0.8584924891401946, 0.8688305385007402, 0.8767369621666222], "precision": [0.012924375202856216, 0.012709256523879862, 0.012883816507251305, 0.012868673334290408, 0.012613925701998254, 0.012416076982697012, 0.011992324012223055, 0.01117835303063908, 0.012245485977718018, 0.011990562163293902, 0.010821643286573146, 0.011166339612116624, 0.011056441897384509, 0.010859110008606288, 0.009950597877954303, 0.010440224294432913, 0.010479931344071824, 0.009153318077803204, 0.009265944645006017, 0.008077022486430602], "recall": [0.7784946236559139, 0.7266862170087977, 0.681524926686217, 0.6308895405669599, 0.5481915933528837, 0.4823069403714565, 0.4166177908113392, 0.3448680351906158, 0.3489736070381232, 0.29110459433040076, 0.23225806451612904, 0.21915933528836753, 0.1919843597262952, 0.16774193548387098, 0.1386119257086999, 0.13176930596285436, 0.1241446725317693, 0.09696969696969697, 0.09032258064516129, 0.07331378299120235], "f1": [0.02542662388455215, 0.02498160152430111, 0.025289549380275455, 0.02522285924206363, 0.02466041361599585, 0.024208940723913074, 0.023313568037109163, 0.021654799901792292, 0.023660717244487452, 0.023032421729983914, 0.02067975107707037, 0.021249976304665134, 0.02090874249457054, 0.020397732000427923, 0.018568229732737963, 0.019347523430884275, 0.019328229868963733, 0.0167276529012023, 0.016807639836289225, 0.014550957453000406], "auc": [0.6165564401462243, 0.587781553805062, 0.572234854685082, 0.5539048681567331, 0.5223564730612074, 0.49612312375078804, 0.4653367500253084, 0.4303074927897439, 0.4394520384344099, 0.4182882496188913, 0.38896969821875127, 0.38281335046411313, 0.378375785026128, 0.36509968143950816, 0.3502680445321008, 0.3491365144656763, 0.3491427121770653, 0.3292995696179214, 0.3294646893128139, 0.3168627793622552], "pr_auc": [0.020219503799041725, 0.018352471175222384, 0.01844056227118209, 0.017783155636522534, 0.01748724019938907, 0.016180652540865516, 0.015753732936528018, 0.013782500183205749, 0.014296617393397607, 0.014540954982073822, 0.012229381482277403, 0.012376972787300123, 0.01171402607606356, 0.01138427922105028, 0.010737617228181626, 0.010833479237537988, 0.010659543283897671, 0.009691124549613178, 0.009848141645432816, 0.009215954440215567]}