{"loss": [587325.0, 509446.84375, 405627.46875, 368106.9375, 195184.75, 162227.4375, 146049.171875, 122641.0078125, 107202.578125, 107985.4375, 82834.359375, 78994.1953125, 62626.18359375, 74748.515625, 67764.0078125, 55451.64453125, 45264.796875, 40561.22265625, 36079.62890625, 41774.8359375], "accuracy": [0.15360497002936394, 0.21567694809134372, 0.3012061057587303, 0.37745528672312956, 0.46609556628728127, 0.5190477346081976, 0.6007353119615599, 0.6483437280073774, 0.6878006164001262, 0.7314169922585968, 0.7510544324993327, 0.7786541121654088, 0.796408377217463, 0.7995486203800325, 0.8265391802363676, 0.8388040866843012, 0.8555075593952484, 0.8689664377411604, 0.8810541898221176, 0.8903972626010144], "precision": [0.013540944157406752, 0.014230342792739135, 0.01484436912288887, 0.015971476206427866, 0.017083683531616725, 0.018365239257008576, 0.01895105317158549, 0.01992527164580958, 0.0208890853947052, 0.02187698161065314, 0.022178210055690643, 0.022569733266788666, 0.02304292547072713, 0.02318683617835649, 0.02349393264881166, 0.02348789852481696, 0.023064250411861616, 0.024532119372787053, 0.02565210814081646, 0.026282794350736913], "recall": [0.9350928641251222, 0.910850439882698, 0.8459433040078201, 0.8109481915933529, 0.743108504398827, 0.7196480938416422, 0.613880742913001, 0.5671554252199413, 0.5264907135874878, 0.47214076246334313, 0.4422287390029325, 0.3978494623655914, 0.3720430107526882, 0.3683284457478006, 0.3198435972629521, 0.295405669599218, 0.25728250244379275, 0.24652981427174975, 0.23206256109481915, 0.2172043010752688], "f1": [0.026695317296422393, 0.028022880239629004, 0.02917675299892787, 0.03132599271980304, 0.033399529014797376, 0.03581645163173565, 0.03676707356342027, 0.03849803263242408, 0.04018383395257919, 0.04181637158564564, 0.04223813569607962, 0.042716204869857256, 0.043397947548460665, 0.04362726935902186, 0.04377257525083612, 0.04351582524551449, 0.04233348881347209, 0.04462374152909745, 0.04619755584961469, 0.04689148693707002], "auc": [0.7025521393399826, 0.6970550362031787, 0.6647646685004465, 0.660625363299155, 0.6384679791657261, 0.6388586574109821, 0.5931525171092517, 0.5781900561753767, 0.5632823158302753, 0.5520103580710821, 0.5419673900024229, 0.5315219319584152, 0.5232024378465473, 0.5236209728852769, 0.5116090669476655, 0.5012145813687, 0.4907006400790805, 0.48864240779814383, 0.488817389977802, 0.4817787186679682], "pr_auc": [0.023794224955060478, 0.02415606909838569, 0.02293395629043802, 0.02316934665702592, 0.022429721794465247, 0.02351526905043018, 0.020883699064068225, 0.02029122509822069, 0.019733597223388556, 0.01904715210441734, 0.018388499644411537, 0.018906376087237012, 0.01884000525837543, 0.018439969843954757, 0.017593415671338465, 0.016967328408659357, 0.016349219127442718, 0.016186382054987822, 0.015947507582645435, 0.016379271384177826]}