{"loss": [215800272.0, 206379440.0, 248550272.0, 125624264.0, 121394024.0, 145168704.0, 199700288.0, 246357472.0, 104312200.0, 185659440.0, 125248920.0, 117648256.0, 126250352.0, 153567440.0, 129513088.0, 95984104.0, 161410944.0, 137793808.0, 80537968.0, 86682808.0], "accuracy": [0.7068507777804742, 0.7189943456208897, 0.7306913873856383, 0.7391341276967506, 0.7526463950299707, 0.7639041910355037, 0.7733637488776178, 0.7804766180503313, 0.787431747033271, 0.7944305579149173, 0.8017763972140656, 0.8005144756958769, 0.8113572936636979, 0.8184289077098551, 0.8234304851117529, 0.8326522192831315, 0.8406071783920208, 0.8462397165530129, 0.854267478826413, 0.8612590093916083], "precision": [0.005082526888620787, 0.0050532604709817635, 0.00579826518893381, 0.006478732019590452, 0.006242604757436044, 0.00754394400812096, 0.007333489602518166, 0.007808715310618468, 0.008181276088252832, 0.00944210240859897, 0.009833169020396144, 0.010540084066694605, 0.010712986295462815, 0.010422958603154982, 0.01111560810615478, 0.010833920745349229, 0.011359602413915513, 0.012960949912200016, 0.010705570102780598, 0.011413125093857937], "recall": [0.11612903225806452, 0.1104594330400782, 0.12140762463343109, 0.1313782991202346, 0.11964809384164223, 0.1380254154447703, 0.1284457478005865, 0.13235581622678397, 0.13411534701857283, 0.14975562072336265, 0.1501466275659824, 0.16226783968719452, 0.15542521994134897, 0.1450635386119257, 0.15034213098729227, 0.13822091886608015, 0.13763440860215054, 0.15151515151515152, 0.11749755620723362, 0.11886608015640274], "f1": [0.009738822487826471, 0.009664397386336423, 0.011067940400655877, 0.012348514778709838, 0.011866099213773981, 0.01430597771023303, 0.01387480993411049, 0.014747366930608956, 0.015421795087955934, 0.017764172493361628, 0.018457545242615784, 0.019794424173046197, 0.020044374968483686, 0.019448521702663032, 0.020700701239619364, 0.02009293336933199, 0.020987047056894574, 0.023879217377907873, 0.019623208280275573, 0.02082655385616661], "auc": [0.23403548200579338, 0.22987815871572143, 0.24017413330313503, 0.24753405585600313, 0.24261620669821465, 0.26009855999291304, 0.25119666764801496, 0.25457819706288964, 0.2582889851197158, 0.27123229788292624, 0.2728277538617907, 0.28081734534813085, 0.27638387872989384, 0.270953346104193, 0.2743608176564107, 0.26588200979035187, 0.2652033546283881, 0.28091021709969033, 0.2546572840589576, 0.25560855421087253], "pr_auc": [0.01063807235782139, 0.010361618364047222, 0.010953941528268736, 0.01229519819999263, 0.011505164772581719, 0.01419626931171351, 0.012232483554320913, 0.013021543987690423, 0.013530734227363252, 0.014502754369690854, 0.015476123754776597, 0.015863621692679266, 0.015563303728237244, 0.014773087464538363, 0.016895860071291128, 0.01397569386953192, 0.013373227880665535, 0.018280986829835845, 0.015078295640467145, 0.01368627988825598]}